Genus	Count
[Bacteroides] pectinophilus	1
[Clostridium] fimetarium	1
[Clostridium] hylemonae	1
[Clostridium] innocuum	1
[Clostridium] leptum	1
[Clostridium] methoxybenzovorans	1
[Clostridium] methylpentosum	1
[Clostridium] polysaccharolyticum	1
[Clostridium] saccharogumia	1
[Clostridium] scindens	1
[Clostridium] spiroforme	1
[Clostridium] sporosphaeroides	1
[Clostridium] symbiosum	3
[Clostridium] viride	1
[Enterobacter] lignolyticus	1
[Eubacterium] brachy	1
[Eubacterium] cellulosolvens	2
[Eubacterium] infirmum	1
[Eubacterium] rectale	3
[Eubacterium] saphenum	1
[Eubacterium] siraeum	3
[Eubacterium] sulci	1
[Eubacterium] yurii	1
[Pseudomonas] hibiscicola	1
[Ruminococcus] gnavus	1
[Ruminococcus] lactaris	1
[Ruminococcus] torques	2
Abiotrophia defectiva	1
Acaricomes phytoseiuli	1
Acaryochloris marina	1
Acetanaerobacterium elongatum	1
Acetatifactor muris	1
Acetivibrio cellulolyticus	1
Acetivibrio clariflavus	1
Acetivibrio ethanolgignens	1
Acetivibrio thermocellus	4
Acetoanaerobium sticklandii	1
Acetobacterium wieringae	1
Acetonema longum	1
Achromobacter insuavis	1
Achromobacter xylosoxidans	7
Acidaminobacter hydrogenoformans	1
Acidaminococcus fermentans	1
Acidaminococcus intestini	1
Acidaminococcus massiliensis	1
Acidaminococcus sp. BV3L6	1
Acidaminococcus sp. D21	1
Acidaminococcus sp. HPA0509	1
Acidipropionibacterium acidipropionici	1
Acidipropionibacterium jensenii	1
Acidobacterium ailaaui	1
Acidobacterium capsulatum	1
Acidovorax caeni	1
Acinetobacter baumannii	156
Acinetobacter calcoaceticus	9
Acinetobacter guillouiae	4
Acinetobacter haemolyticus	5
Acinetobacter johnsonii	3
Acinetobacter junii	4
Acinetobacter lwoffii	8
Acinetobacter nosocomialis	3
Acinetobacter pittii	10
Acinetobacter radioresistens	6
Acinetobacter sp. ATCC 27244	1
Acinetobacter sp. OIFC021	1
Acinetobacter sp. SH024	1
Acinetobacter sp. WC-141	1
Acinetobacter sp. WC-323	1
Actinobacillus pleuropneumoniae	14
Actinomyces bowdenii	1
Actinomyces gerencseriae	1
Actinomyces graevenitzii	1
Actinomyces hongkongensis	1
Actinomyces ihuae	1
Actinomyces israelii	1
Actinomyces johnsonii	2
Actinomyces massiliensis	2
Actinomyces naeslundii	2
Actinomyces oris	2
Actinomyces polynesiensis	1
Actinomyces sp. HPA0247	1
Actinomyces sp. ICM39	1
Actinomyces sp. ICM47	1
Actinomyces sp. ph3	1
Actinomyces timonensis	1
Actinomyces urogenitalis	2
Actinomyces viscosus	1
Acutalibacter muris	1
Adlercreutiza muris	1
Adlercreutzia caecimuris	1
Adlercreutzia equolifaciens	2
Adlercreutzia mucosicola	1
Advenella mimigardefordensis	1
Aerococcus christensenii	1
Aerococcus viridans	2
Aeromicrobium massiliense	1
Aeromonas caviae	3
Aeromonas hydrophila	12
Aeromonas jandaei	1
Aeromonas media	2
Aeromonas veronii	7
Afipia birgiae	1
Agathobaculum desmolans	1
Aggregatibacter aphrophilus	4
Aggregatibacter segnis	2
Agrobacterium fabrum	1
Agrobacterium tumefaciens	3
Akkermansia muciniphila	2
Akkermansia sp. KLE1797	1
Akkermansia sp. KLE1798	1
Alcaligenes faecalis	4
Aliarcobacter butzleri	4
Aliivibrio fischeri	2
Aliivibrio salmonicida	1
Alistipes communis	1
Alistipes finegoldii	1
Alistipes ihumii	1
Alistipes indistinctus	2
Alistipes nov. ERR2221210	1
Alistipes nov. ERR2221392	1
Alistipes onderdonkii	8
Alistipes provencensis	1
Alistipes putredinis	1
Alistipes senegalensis	1
Alistipes shahii	4
Alistipes sp. AL-1	1
Alistipes sp. cv1 ERR1022444	1
Alistipes sp. HGB5	1
Alistipes timonensis	2
Alkalibaculum bacchi	1
Alkalihalobacillus clausii	1
Alkalihalobacillus halodurans	1
Alkalihalophilus pseudofirmus	1
Alkaliphilus transvaalensis	1
Allobaculum stercoricanis	1
Alloiococcus otitis	1
Alloprevotella rava	1
Alloprevotella sp. oral taxon 473	1
Alloprevotella tannerae	1
Alloscardovia omnicolens	3
Amedibacillus dolichus	1
Aminivibrio pyruvatiphilus	1
Anaerobacillus macyae	1
Anaerobaculum hydrogeniformans	1
Anaerobiospirillum succiniciproducens	1
Anaerobutyricum hallii	1
Anaerobutyricum soehngenii	1
Anaerococcus hydrogenalis	2
Anaerococcus jeddahensis	1
Anaerococcus lactolyticus	2
Anaerococcus obesiensis	1
Anaerococcus prevotii	2
Anaerococcus rubeinfantis	1
Anaerococcus senegalensis	1
Anaerococcus tetradius	2
Anaerococcus vaginalis	1
Anaerofustis stercorihominis	1
Anaeroglobus geminatus	1
Anaeroplasma bactoclasticum	1
Anaerosalibacter bizertensis	1
Anaerosalibacter massiliensis	1
Anaerosporobacter mobilis	1
Anaerostipes caccae	5
Anaerostipes hadrus	9
Anaerostipes nov. ERR2221209	1
Anaerostipes sp. 3_2_56FAA	1
Anaerotignum lactatifermentans	1
Anaerotignum propionicum	1
Anaerotruncus colihominis	4
Anaerotruncus nov. ERR2221396	1
Anaerotruncus sp. G3(2012)	1
Anaerovorax odorimutans	1
Aneurinibacillus aneurinilyticus	1
Apilactobacillus kunkeei	3
Arachnia propionica	1
Arcanobacterium haemolyticum	1
Ardenticatena maritima	1
Arthrobacter castelli	1
Atlantibacter hermannii	1
Atopobium minutum	1
Atopobium vaginae	1
Auritidibacter ignavus	1
Azospira oryzae	1
Bacillus altitudinis	1
Bacillus amyloliquefaciens	6
Bacillus andreraoultii	1
Bacillus atrophaeus	16
Bacillus cereus	145
Bacillus cytotoxicus	1
Bacillus infantis	1
Bacillus kwashiorkori	1
Bacillus licheniformis	6
Bacillus massilioanorexius	1
Bacillus megaterium	1
Bacillus mojavensis	2
Bacillus mycoides	4
Bacillus nov. ERR2221302	1
Bacillus paralicheniformis	1
Bacillus pseudomycoides	1
Bacillus pumilus	4
Bacillus rubiinfantis	1
Bacillus simplex	1
Bacillus smithii	1
Bacillus sonorensis	1
Bacillus sp. 7_6_55CFAA_CT2	1
Bacillus sp. B-jedd	1
Bacillus spizizenii	4
Bacillus subtilis	14
Bacillus testis	1
Bacillus thermoamylovorans	1
Bacillus thuringiensis	25
Bacillus timonensis	1
Bacillus vallismortis	1
Bacillus velezensis	4
bacterium LF-3	1
bacterium MS4	1
bacterium OL-1	1
Bacteroidales nov. ERR2221200	1
Bacteroides acidifaciens	5
Bacteroides caccae	6
Bacteroides caecimuris	1
Bacteroides cellulosilyticus	8
Bacteroides clarus	4
Bacteroides coprosuis	1
Bacteroides dorei	2
Bacteroides eggerthii	2
Bacteroides faecis	5
Bacteroides finegoldii	4
Bacteroides fluxus	1
Bacteroides fragilis	25
Bacteroides gallinarum	1
Bacteroides graminisolvens	1
Bacteroides helcogenes	1
Bacteroides intestinalis	2
Bacteroides luti	1
Bacteroides neonati	1
Bacteroides nordii	2
Bacteroides nov. ERR1022359	1
Bacteroides nov. ERR1022361	1
Bacteroides nov. ERR1022456	1
Bacteroides nov. ERR2221137	1
Bacteroides nov. ERR2221300	1
Bacteroides nov. ERR2221375	1
Bacteroides nov. ERR2221405	1
Bacteroides oleiciplenus	1
Bacteroides ovatus	9
Bacteroides propionicifaciens	1
Bacteroides pyogenes	4
Bacteroides rodentium	1
Bacteroides salyersiae	3
Bacteroides sp. 1_1_14	1
Bacteroides sp. 1_1_30	1
Bacteroides sp. 14(A)	1
Bacteroides sp. 2_1_22	1
Bacteroides sp. 2_1_33B	1
Bacteroides sp. 2_2_4	1
Bacteroides sp. 3_1_19	1
Bacteroides sp. 3_1_23	1
Bacteroides sp. 3_1_33FAA	1
Bacteroides sp. 3_1_40A	1
Bacteroides sp. 3_2_5	1
Bacteroides sp. 4_1_36	1
Bacteroides sp. 4_3_47FAA	1
Bacteroides sp. 9_1_42FAA	1
Bacteroides sp. D1	1
Bacteroides sp. D2	1
Bacteroides sp. D20	1
Bacteroides sp. D22	1
Bacteroides sp. HPS0048	1
Bacteroides stercoris	10
Bacteroides thetaiotaomicron	12
Bacteroides timonensis	1
Bacteroides uniformis	24
Bacteroides vulgatus	21
Bacteroides xylanisolvens	9
Bacteroides xylanolyticus	1
Bacteroidetes bacterium oral taxon 272	1
Bacteroidetes oral taxon 274	1
Barnesiella intestinihominis	5
Barnesiella viscericola	1
Bartonella quintana	2
Bdellovibrio bacteriovorus	4
Beduini massiliensis	1
Bifidobacterium adolescentis	15
Bifidobacterium angulatum	2
Bifidobacterium animalis	17
Bifidobacterium asteroides	3
Bifidobacterium bifidum	8
Bifidobacterium boum	1
Bifidobacterium breve	23
Bifidobacterium catenulatum	2
Bifidobacterium choerinum	1
Bifidobacterium coryneforme	2
Bifidobacterium dentium	5
Bifidobacterium gallicum	1
Bifidobacterium indicum	1
Bifidobacterium longum	28
Bifidobacterium mongoliense	1
Bifidobacterium pseudocatenulatum	6
Bifidobacterium pseudolongum	1
Bifidobacterium pullorum	2
Bifidobacterium ruminantium	1
Bifidobacterium scardovii	1
Bifidobacterium sp. MSTE12	1
Bifidobacterium thermacidophilum	1
Bifidobacterium thermophilum	1
Bilophila sp. 4_1_30	1
Bilophila wadsworthia	2
Bittarella massiliensis	1
Blautia coccoides	1
Blautia faecis	1
Blautia gnavus	4
Blautia hansenii	1
Blautia hydrogenotrophica	2
Blautia luti	6
Blautia massiliensis	1
Blautia nov. ERR1022275	1
Blautia nov. ERR1022294	1
Blautia nov. ERR1022295	1
Blautia nov. ERR1022302	1
Blautia nov. ERR1022306	1
Blautia nov. ERR1022338	1
Blautia nov. ERR1022339	1
Blautia nov. ERR1022340	1
Blautia nov. ERR1022378	1
Blautia nov. ERR1022424	1
Blautia nov. ERR1022426	1
Blautia nov. ERR1022435	1
Blautia nov. ERR1203955	1
Blautia nov. ERR1204049	1
Blautia nov. ERR1204065	1
Blautia nov. ERR2221143	1
Blautia nov. ERR2221170	1
Blautia nov. ERR2221260	1
Blautia nov. ERR2221265	1
Blautia nov. ERR2221269	1
Blautia nov. ERR2221270	1
Blautia nov. ERR2221279	1
Blautia nov. ERR2221370	1
Blautia nov. ERR2221404	1
Blautia nov. ERR2221410	1
Blautia nov. ERR2230061	1
Blautia nov. ERR2230064	1
Blautia nov. ERR2230066	1
Blautia nov. ERR2230067	1
Blautia nov. ERR2230071	1
Blautia nov. ERR2230072	1
Blautia nov. ERR2230073	1
Blautia nov. ERR2230075	1
Blautia nov. ERR2230099	1
Blautia nov. ERR2230110	1
Blautia nov. ERR2230116	1
Blautia nov. ERR2230130	1
Blautia nov. ERR2230136	1
Blautia nov. ERR2230152	1
Blautia obeum	2
Blautia producta	3
Blautia sp. YL58	1
Blautia torques	14
Blautia wexlerae	7
Bordetella hinzii	2
Bosea thiooxidans	1
Brachybacterium paraconglomeratum	1
Brachyspira aalborgi	17
Brachyspira pilosicoli	4
Bradyrhizobium diazoefficiens	1
Bradyrhizobium elkanii	1
Bradyrhizobium japonicum	3
Bradyrhizobium sp. WSM2793	1
Bradyrhizobium yuanmingense	4
Brevibacillus agri	2
Brevibacillus borstelensis	1
Brevibacillus brevis	2
Brevibacterium casei	1
Brevibacterium linens	1
Brevibacterium ravenspurgense	1
Brevibacterium senegalense	1
Brevundimonas bacteroides	1
Brevundimonas diminuta	1
Brevundimonas subvibrioides	1
Brochothrix thermosphacta	1
Brucella anthropi	2
Brucella intermedia	1
Bulleidia extructa	1
Burkholderia cenocepacia	6
Burkholderia cepacia	2
Burkholderiales bacterium 1_1_47	1
Burkholderiales bacterium YL45	1
Butyricicoccus nov. ERR2221182	1
Butyricicoccus pullicaecorum	1
Butyricimonas sp. Marseille-P2440	1
Butyricimonas synergistica	1
Butyricimonas virosa	2
Butyrivibrio crossotus	1
Butyrivibrio fibrisolvens	1
Butyrivibrio proteoclasticus	1
Caecibacter massiliensis	1
Caldicellulosiruptor saccharolyticus	1
Campylobacter coli	44
Campylobacter concisus	2
Campylobacter curvus	2
Campylobacter fetus	3
Campylobacter gracilis	1
Campylobacter hominis	1
Campylobacter hyointestinalis	1
Campylobacter jejuni	67
Campylobacter lari	1
Campylobacter rectus	1
Campylobacter showae	2
Campylobacter sp. 10_1_50	1
Campylobacter sputorum	1
Campylobacter subantarcticus	2
Campylobacter troglodytis	1
Campylobacter upsaliensis	2
Campylobacter ureolyticus	5
Candidatus Blastococcus massiliensis	1
Candidatus Borkfalkia ceftriaxoniphila	1
Candidatus Dorea massiliensis	1
Candidatus Melainabacterium	1
Candidatus Nitrososphaera gargensis	1
Candidatus Pelagibacter sp. IMCC9063	1
Candidatus Saccharimonas aalborgensis	1
Candidatus Soleaferrea massiliensis	1
Candidatus Stoquefichus massiliensis	1
Candidatus Streptomyces massiliensis	1
Capnocytophaga granulosa	1
Capnocytophaga leadbetteri	1
Capnocytophaga ochracea	3
Capnocytophaga sp. CM59	1
Capnocytophaga sp. oral taxon 326	1
Capnocytophaga sp. oral taxon 329	1
Capnocytophaga sp. oral taxon 332	1
Capnocytophaga sp. oral taxon 335	1
Capnocytophaga sp. oral taxon 336	1
Capnocytophaga sp. oral taxon 338	1
Capnocytophaga sp. oral taxon 412	1
Capnocytophaga sputigena	1
Cardiobacterium hominis	1
Cardiobacterium valvarum	1
Carnobacterium maltaromaticum	4
Catabacter hongkongensis	1
Catenibacterium mitsuokai	3
Catonella morbi	1
Cedecea davisae	1
Cellulomonas massiliensis	2
Cellulomonas timonensis	1
Cellulosilyticum lentocellum	1
Cellulosimicrobium cellulans	1
Centipeda periodontii	1
Cetobacterium somerae	1
Chania multitudinisentens	1
Chlorobium phaeobacteroides	2
Christensenella massiliensis	1
Christensenella minuta	1
Christensenella timonensis	1
Christensenellaceae nov. ERR1022455	1
Citrobacter amalonaticus	5
Citrobacter freundii	9
Citrobacter koseri	2
Citrobacter nov. ERR2221352	1
Citrobacter portucalensis	1
Citrobacter rodentium	1
Citrobacter sp. 30_2	1
Citrobacter sp. A1	1
Citrobacter sp. KTE151	1
Citrobacter sp. KTE30	1
Citrobacter sp. KTE32	1
Citrobacter sp. L17	1
Citrobacter youngae	1
Cloacibacillus evryensis	1
Cloacibacterium normanense	1
Clostridiaceae bacterium MS3	1
Clostridiaceae nov. ERR1022373	1
Clostridiaceae nov. ERR2221146	1
Clostridiaceae nov. ERR2221328	1
Clostridiaceae nov. ERR2221330	1
Clostridiaceae nov. ERR2221331	1
Clostridiaceae nov. ERR2221345	1
Clostridiaceae nov. ERR2221361	1
Clostridiaceae nov. ERR2221383	1
Clostridiaceae nov. ERR2230154	1
Clostridiales bacterium 1_7_47FAA	1
Clostridiales_incertae_sedis nov. ERR1022334	1
Clostridiales_incertae_sedis nov. ERR1022419	1
Clostridiales_incertae_sedis nov. ERR2221176	1
Clostridiales_incertae_sedis nov. ERR2221277	1
Clostridiales_incertae_sedis nov. ERR2221283	1
Clostridiales_incertae_sedis nov. ERR2221367	1
Clostridiales_incertae_sedis nov. ERR2221388	1
Clostridioides difficile	27
Clostridioides mangenotii	2
Clostridium acetobutylicum	3
Clostridium amazonitimonense	1
Clostridium baratii	3
Clostridium beijerinckii	2
Clostridium boliviensis	1
Clostridium botulinum	20
Clostridium butyricum	5
Clostridium cadaveris	1
Clostridium celatum	1
Clostridium chauvoei	1
Clostridium cochlearium	1
Clostridium cocleatum	1
Clostridium colicanis	2
Clostridium disporicum	1
Clostridium ihumii	1
Clostridium isatidis	1
Clostridium jeddahense	1
Clostridium mediterraneense	1
Clostridium niameyense	1
Clostridium paraputrificum	2
Clostridium pasteurianum	2
Clostridium perfringens	11
Clostridium phoceensis	1
Clostridium polynesiense	1
Clostridium saccharoperbutylacetonicum	1
Clostridium sartagoforme	1
Clostridium saudiense	1
Clostridium senegalense	1
Clostridium sp. 7_2_43FAA	1
Clostridium sp. 7_3_54FAA	1
Clostridium sp. ASF356	1
Clostridium sp. AT4	1
Clostridium sp. ATCC 29733	1
Clostridium sp. ATCC BAA-442	1
Clostridium sp. BNL1100	1
Clostridium sp. CL-2	1
Clostridium sp. CL-6	1
Clostridium sp. D5	1
Clostridium sp. DL-VIII	1
Clostridium sp. HGF2	1
Clostridium sp. KLE 1755	1
Clostridium sp. L2-50	1
Clostridium sp. M62/1	1
Clostridium sp. Marseille-P2538	1
Clostridium sp. Marseille-P299	1
Clostridium sp. MSTE9	1
Clostridium sp. ND2	1
Clostridium sp. SS2/1	1
Clostridium sp. SY8519	1
Clostridium sporogenes	2
Clostridium sulfidigenes	1
Clostridium tertium	1
Clostridium tyrobutyricum	2
Clostridium ventriculi	1
Cohnella laeviribosi	1
Colibacter massiliensis	1
Collinsella aerofaciens	18
Collinsella ihumii	1
Collinsella intestinalis	1
Collinsella massiliensis	1
Collinsella sp. 4_8_47FAA	1
Collinsella sp. MS5	1
Collinsella stercoris	1
Collinsella tanakaei	1
Comamonas aquatica	3
Comamonas terrigena	2
Comamonas testosteroni	5
Companilactobacillus farciminis	1
Companilactobacillus mindensis	1
Companilactobacillus versmoldensis	1
Coprobacillus cateniformis	2
Coprobacillus sp. 3_3_56FAA	1
Coprobacillus sp. 8_2_54BFAA	1
Coprobacillus sp. D7	1
Coprobacter fastidiosus	1
Coprococcus catus	2
Coprococcus comes	7
Coprococcus eutactus	8
Coprococcus nov. ERR1022278	1
Coprococcus nov. ERR1203948	1
Coprococcus nov. ERR2221394	1
Coprococcus nov. ERR2230098	1
Coprococcus sp. HPP0048	1
Coprococcus sp. HPP0074	1
Corynebacterium accolens	2
Corynebacterium ammoniagenes	1
Corynebacterium amycolatum	1
Corynebacterium argentoratense	2
Corynebacterium aurimucosum	1
Corynebacterium bouchesdurhonense	1
Corynebacterium casei	2
Corynebacterium coyleae	1
Corynebacterium durum	1
Corynebacterium efficiens	1
Corynebacterium glucuronolyticum	2
Corynebacterium ihumii	1
Corynebacterium jeddahense	1
Corynebacterium jeikeium	1
Corynebacterium kroppenstedtii	2
Corynebacterium mastitidis	1
Corynebacterium matruchotii	3
Corynebacterium phoceense	1
Corynebacterium propinquum	1
Corynebacterium provencense	1
Corynebacterium pseudodiphtheriticum	2
Corynebacterium pseudogenitalium	1
Corynebacterium sp. HFH0082	1
Corynebacterium striatum	1
Corynebacterium tuberculostearicum	1
Corynebacterium tuscaniense	1
Corynebacterium ulcerans	2
Corynebacterium ureicelerivorans	1
Corynebacterium variabile	2
Cronobacter sakazakii	10
Cryocola sp. 340MFSha3.1	1
Cryptobacterium curtum	1
Culturomica massiliensis	1
Cuneatibacter caecimuris	1
Cupriavidus metallidurans	1
Curtobacterium flaccumfaciens	2
Curvibacter gracilis	1
Cutibacterium acnes	81
Cutibacterium avidum	2
Cutibacterium granulosum	2
Cutibacterium modestum	2
Cutibacterium namnetense	1
Cytobacillus firmus	1
Dakarella massiliensis	1
Dehalobacterium formicoaceticum	1
Delftia acidovorans	3
Dellaglioa algida	2
Dermabacter sp. HFH0086	1
Dermacoccus nishinomiyaensis	1
Dermacoccus sp. Ellin185	1
Desmospora sp. 8437	1
Desulfitobacterium hafniense	4
Desulfomicrobium orale	1
Desulfovibrio desulfuricans	2
Desulfovibrio legallii	1
Desulfovibrio piger	1
Desulfovibrio sp. 3_1_syn3	1
Desulfovibrio sp. 6_1_46AFAA	1
Dialister invisus	1
Dialister micraerophilus	2
Dialister pneumosintes	1
Dialister succinatiphilus	1
Dielma fastidiosa	1
Dietzia cinnamea	2
Dolosigranulum pigrum	2
Dorea formicigenerans	9
Dorea longicatena	11
Dorea nov. ERR2230118	1
Dorea sp. D27	1
Dyadobacter beijingensis	1
Dyadobacter fermentans	1
Dysgonomonas gadei	1
Dysgonomonas mossii	1
Edwardsiella anguillarum	1
Edwardsiella piscicida	1
Edwardsiella tarda	6
Eggerthella lenta	26
Eggerthella sinensis	1
Eggerthella sp. 1_3_56FAA	1
Eggerthella sp. YY7918	1
Eggerthia catenaformis	1
Eikenella corrodens	1
Eisenbergiella nov. ERR2221109	1
Eisenbergiella nov. ERR2221178	1
Eisenbergiella tayi	2
Elusimicrobium minutum	1
Emergencia timonensis	1
Enhydrobacter aerosaccus	1
Enorma massiliensis	2
Enorma timonensis	1
Enterobacter asburiae	2
Enterobacter cancerogenus	1
Enterobacter cloacae	12
Enterobacter hormaechei	4
Enterobacter lignolyticus	1
Enterobacter ludwigii	1
Enterobacter mori	2
Enterobacter nov. ERR2221249	1
Enterobacter nov. ERR2221289	1
Enterobacter nov. ERR2221350	1
Enterobacter nov. ERR2221354	1
Enterobacter roggenkampii	1
Enterobacter sp. MGH 8	1
Enterobacter timonensis	1
Enterobacteriaceae bacterium 9_2_54FAA	1
Enterocloster asparagiformis	1
Enterocloster bolteae	7
Enterocloster citroniae	1
Enterocloster clostridioformis	9
Enterococcus asini	1
Enterococcus avium	1
Enterococcus caccae	1
Enterococcus casseliflavus	6
Enterococcus cecorum	1
Enterococcus dispar	1
Enterococcus durans	3
Enterococcus faecalis	289
Enterococcus faecium	189
Enterococcus gallinarum	7
Enterococcus gilvus	2
Enterococcus hirae	2
Enterococcus massiliensis	1
Enterococcus mundtii	4
Enterococcus pallens	2
Enterococcus phoeniculicola	1
Enterococcus raffinosus	3
Enterococcus saccharolyticus	2
Enterococcus sp. 7L76	1
Enterococcus sp. C1	1
Enterococcus sp. GMD2E	1
Enterococcus sp. GMD3E	1
Enterococcus sp. GMD4E	1
Enterococcus sp. GMD5E	1
Eremococcus coleocola	1
Erwinia psidii	1
Erwinia rhapontici	1
Erysipelatoclostridium innocuum	1
Erysipelatoclostridium nov. ERR2221185	1
Erysipelatoclostridium nov. ERR2221240	1
Erysipelatoclostridium ramosum	6
Erysipelothrix rhusiopathiae	3
Erysipelotrichaceae bacterium 2_2_44A	1
Erysipelotrichaceae bacterium 21_3	1
Erysipelotrichaceae bacterium 3_1_53	1
Erysipelotrichaceae bacterium 5_2_54FAA	1
Erysipelotrichaceae bacterium 6_1_45	1
Erysipelotrichaceae bacterium I46	1
Erysipelotrichaceae nov. ERR1022332	1
Erysipelotrichaceae nov. ERR1022333	1
Erysipelotrichaceae nov. ERR1022368	1
Erysipelotrichaceae nov. ERR1022369	1
Erysipelotrichaceae nov. ERR1022417	1
Erysipelotrichaceae nov. ERR1022464	1
Erysipelotrichaceae nov. ERR1203923	1
Erysipelotrichaceae nov. ERR1203963	1
Erysipelotrichaceae nov. ERR1204057	1
Erysipelotrichaceae nov. ERR171269	1
Erysipelotrichaceae nov. ERR2221179	1
Erysipelotrichaceae nov. ERR2221230	1
Erysipelotrichaceae nov. ERR2221343	1
Erysipelotrichaceae nov. ERR2230080	1
Erysipelotrichaceae nov. ERR2230108	1
Escherichia albertii	3
Escherichia coli	981
Escherichia fergusonii	3
Escherichia sp. 1_1_43	1
Escherichia sp. 3_2_53FAA	1
Escherichia sp. 4_1_40B	1
Escherichia sp. KTE11	1
Escherichia sp. KTE114	1
Escherichia sp. KTE159	1
Escherichia sp. KTE172	1
Escherichia sp. KTE31	1
Escherichia sp. KTE96	1
Escherichia sp. TW09308	1
Escherichia sp. TW11588	1
Ethanoligenens harbinense	1
Eubacterium limosum	3
Eubacterium oxidoreducens	1
Eubacterium plexicaudatum	1
Eubacterium pyruvativorans	1
Eubacterium ramulus	2
Eubacterium rectale	7
Eubacterium sp. 14-2	1
Eubacterium sp. 3_1_31	1
Eubacterium sp. SB2	1
Eubacterium ventriosum	1
Eubacterium yurii	1
Ewingella americana	2
Exiguobacterium aurantiacum	1
Exiguobacterium marinum	1
Exiguobacterium nov. ERR2221364	1
Exiguobacterium undae	1
Extibacter muris	1
Facklamia hominis	2
Facklamia languida	1
Faecalibacterium cf ERR1022328	1
Faecalibacterium prausnitzii	9
Faecalicoccus pleomorphus	1
Faecalitalea cylindroides	2
Fannyhessea vaginae	2
Fenollaria timonensis	1
Filifactor alocis	1
Finegoldia magna	5
Flaviflexus massiliensis	1
Flavobacterium cheniae	2
Flavobacterium cucumis	1
Flavonifractor plautii	8
Fournierella massiliensis	1
Frisingicoccus caecimuris	1
Fructilactobacillus florum	1
Fructilactobacillus lindneri	2
Fructilactobacillus sanfranciscensis	3
Fructobacillus durionis	1
Fructobacillus pseudoficulneus	1
Fructobacillus tropaeoli	1
Fructolactobacillus fructivorans	1
Fulvimarina pelagi	2
Fusicatenibacter saccharivorans	3
Fusobacterium gonidiaformans	2
Fusobacterium massiliense	1
Fusobacterium mortiferum	1
Fusobacterium necrogenes	1
Fusobacterium necrophorum	4
Fusobacterium nucleatum	18
Fusobacterium perfoetens	1
Fusobacterium periodonticum	3
Fusobacterium russii	1
Fusobacterium ulcerans	2
Fusobacterium varium	1
Gabonia massiliensis	1
Gabonibacter massiliensis	1
Gardnerella vaginalis	3
Gemella haemolysans	2
Gemella morbillorum	1
Gemella sanguinis	2
Gemmata obscuriglobus	1
Gemmatimonas aurantiaca	1
Gemmiger formicilis	4
Geobacillus stearothermophilus	1
Geobacillus vulcani	1
Gleimia europaea	2
Gordonia rubripertincta	1
Gordonia terrae	2
Gordonibacter pamelaeae	3
Gorillibacterium timonense	1
Gottschalkia acidurici	1
Gottschalkia purinilytica	1
Gracilibacillus massiliensis	1
Gracilibacillus timonensis	1
Gracilibacter sp. BRH_c7a	1
Granulicatella adiacens	1
Granulicatella elegans	1
Grimontia hollisae	1
Haemophilus aegyptius	1
Haemophilus haemolyticus	5
Haemophilus influenzae	18
Haemophilus parahaemolyticus	3
Haemophilus parainfluenzae	5
Haemophilus paraphrohaemolyticus	2
Haemophilus pittmaniae	2
Haemophilus sputorum	2
Hafnia alvei	4
Hafnia paralvei	1
Halococcus morrhuae	1
Halodesulfovibrio aestuarii	1
Halomonas campaniensis	1
Helicobacter apodemus	1
Helicobacter bilis	2
Helicobacter canadensis	1
Helicobacter canis	1
Helicobacter cinaedi	1
Helicobacter fennelliae	2
Helicobacter hepaticus	1
Helicobacter macacae	1
Helicobacter pullorum	1
Helicobacter pylori	232
Helicobacter rodentium	1
Helicobacter trogontum	1
Helicobacter typhlonius	1
Helicobacter winghamensis	1
Herbaspirillum huttiense	4
Holdemanella biformis	1
Holdemania filiformis	1
Holdemania massiliensis	1
Hugonella massiliensis	1
Hungateiclostridiaceae bacterium KB18	1
Hungatella hathewayi	3
Hydrotalea flava	1
Intestinibacter bartlettii	3
Intestinibacter nov. ERR2221096	1
Intestinimonas butyriciproducens	3
Intestinimonas massiliensis	1
Intestinimonas nov. ERR1022454	1
Intestinimonas nov. ERR171285	1
Johnsonella ignava	1
Jonquetella anthropi	2
Kallipyga gabonensis	1
Kallipyga massiliensis	1
Kandleria vitulina	1
Kingella denitrificans	2
Kingella oralis	1
Klebsiella aerogenes	6
Klebsiella michiganensis	7
Klebsiella oxytoca	16
Klebsiella pneumoniae	91
Klebsiella sp. 4_1_44FAA	1
Klebsiella sp. M5al	1
Klebsiella sp. MS 92-3	1
Klebsiella sp. OBRC7	1
Klebsiella variicola	2
Kluyvera ascorbata	1
Kluyvera cryocrescens	2
Kluyvera georgiana	1
Kluyvera intermedia	2
Kocuria palustris	2
Kocuria rhizophila	2
Kosakonia sacchari	1
Kurthia massiliensis	1
Kurthia senegalensis	1
Kytococcus sedentarius	3
Lachnoanaerobaculum orale	1
Lachnoanaerobaculum saburreum	3
Lachnobacterium bovis	5
Lachnoclostridium clostridioforme	1
Lachnoclostridium lavalense	1
Lachnoclostridium nov. ERR1022273	1
Lachnoclostridium nov. ERR1022276	1
Lachnoclostridium nov. ERR1022305	1
Lachnoclostridium nov. ERR1022387	1
Lachnoclostridium nov. ERR1022388	1
Lachnoclostridium nov. ERR1022392	1
Lachnoclostridium nov. ERR1022405	1
Lachnoclostridium nov. ERR1022430	1
Lachnoclostridium nov. ERR1022434	1
Lachnoclostridium nov. ERR1203939	1
Lachnoclostridium nov. ERR1203968	1
Lachnoclostridium nov. ERR1204033	1
Lachnoclostridium nov. ERR1204062	1
Lachnoclostridium nov. ERR171262	1
Lachnoclostridium nov. ERR171273	1
Lachnoclostridium nov. ERR171281	1
Lachnoclostridium nov. ERR2221145	1
Lachnoclostridium nov. ERR2221158	1
Lachnoclostridium nov. ERR2221159	1
Lachnoclostridium nov. ERR2230065	1
Lachnoclostridium nov. ERR2230076	1
Lachnoclostridium nov. ERR2230092	1
Lachnoclostridium nov. ERR2230109	1
Lachnoclostridium nov. ERR2230115	1
Lachnoclostridium nov. ERR2230132	1
Lachnoclostridium nov. ERR2230151	1
Lachnoclostridium sp. YL32	1
Lachnospira eligens	1
Lachnospira multipara	4
Lachnospira nov. ERR1022391	1
Lachnospira nov. ERR1022394	1
Lachnospira nov. ERR1203977	1
Lachnospira nov. ERR1204071	1
Lachnospira pectinoschiza	3
Lachnospiraceae bacterium 1_1_57FAA	1
Lachnospiraceae bacterium 1_4_56FAA	1
Lachnospiraceae bacterium 2_1_46FAA	1
Lachnospiraceae bacterium 2_1_58FAA	1
Lachnospiraceae bacterium 3_1_46FAA	1
Lachnospiraceae bacterium 3_1_57FAA_CT1	1
Lachnospiraceae bacterium 5_1_57FAA	1
Lachnospiraceae bacterium 5_1_63FAA	1
Lachnospiraceae bacterium 6_1_63FAA	1
Lachnospiraceae bacterium 7_1_58FAA	1
Lachnospiraceae bacterium 8_1_57FAA	1
Lachnospiraceae bacterium 9_1_43BFAA	1
Lachnospiraceae bacterium oral taxon 082	1
Lachnospiraceae bacterium oral taxon 500	1
Lachnospiraceae nov. ERR1022272	1
Lachnospiraceae nov. ERR1022274	1
Lachnospiraceae nov. ERR1022277	1
Lachnospiraceae nov. ERR1022289	1
Lachnospiraceae nov. ERR1022303	1
Lachnospiraceae nov. ERR1022308	1
Lachnospiraceae nov. ERR1022341	1
Lachnospiraceae nov. ERR1022342	1
Lachnospiraceae nov. ERR1022343	1
Lachnospiraceae nov. ERR1022351	1
Lachnospiraceae nov. ERR1022353	1
Lachnospiraceae nov. ERR1022380	1
Lachnospiraceae nov. ERR1022381	1
Lachnospiraceae nov. ERR1022386	1
Lachnospiraceae nov. ERR1022389	1
Lachnospiraceae nov. ERR1022390	1
Lachnospiraceae nov. ERR1022398	1
Lachnospiraceae nov. ERR1022402	1
Lachnospiraceae nov. ERR1022429	1
Lachnospiraceae nov. ERR1022431	1
Lachnospiraceae nov. ERR1022433	1
Lachnospiraceae nov. ERR1022436	1
Lachnospiraceae nov. ERR1022478	1
Lachnospiraceae nov. ERR1022480	1
Lachnospiraceae nov. ERR1022481	1
Lachnospiraceae nov. ERR1203950	1
Lachnospiraceae nov. ERR1203952	1
Lachnospiraceae nov. ERR1203964	1
Lachnospiraceae nov. ERR1203967	1
Lachnospiraceae nov. ERR1203970	1
Lachnospiraceae nov. ERR1203972	1
Lachnospiraceae nov. ERR1204044	1
Lachnospiraceae nov. ERR1204046	1
Lachnospiraceae nov. ERR1204058	1
Lachnospiraceae nov. ERR1204061	1
Lachnospiraceae nov. ERR1204064	1
Lachnospiraceae nov. ERR1204066	1
Lachnospiraceae nov. ERR171267	1
Lachnospiraceae nov. ERR171274	1
Lachnospiraceae nov. ERR171283	1
Lachnospiraceae nov. ERR2221097	1
Lachnospiraceae nov. ERR2221111	1
Lachnospiraceae nov. ERR2221148	1
Lachnospiraceae nov. ERR2221151	1
Lachnospiraceae nov. ERR2221161	1
Lachnospiraceae nov. ERR2221181	1
Lachnospiraceae nov. ERR2221183	1
Lachnospiraceae nov. ERR2221187	1
Lachnospiraceae nov. ERR2221212	1
Lachnospiraceae nov. ERR2221263	1
Lachnospiraceae nov. ERR2221266	1
Lachnospiraceae nov. ERR2221278	1
Lachnospiraceae nov. ERR2221285	1
Lachnospiraceae nov. ERR2221344	1
Lachnospiraceae nov. ERR2221369	1
Lachnospiraceae nov. ERR2221389	1
Lachnospiraceae nov. ERR2230050	1
Lachnospiraceae nov. ERR2230056	1
Lachnospiraceae nov. ERR2230057	1
Lachnospiraceae nov. ERR2230058	1
Lachnospiraceae nov. ERR2230083	1
Lachnospiraceae nov. ERR2230113	1
Lachnospiraceae nov. ERR2230114	1
Lachnospiraceae nov. ERR2230144	1
Lachnospiraceae nov. ERR2230148	1
Lacrimispora aerotolerans	1
Lacrimispora indolis	1
Lacrimispora saccharolytica	1
Lacrimispora sphenoides	1
Lacticaseibacillus camelliae	1
Lacticaseibacillus casei	22
Lacticaseibacillus manihotivorans	1
Lacticaseibacillus paracasei	14
Lacticaseibacillus rhamnosus	11
Lacticaseibacillus zeae	1
Lactiplantibacillus paraplantarum	2
Lactiplantibacillus pentosus	1
Lactiplantibacillus plantarum	11
Lactobacillus acidophilus	4
Lactobacillus amylolyticus	1
Lactobacillus amylovorus	2
Lactobacillus apis	1
Lactobacillus crispatus	9
Lactobacillus delbrueckii	9
Lactobacillus equicursoris	2
Lactobacillus gasseri	11
Lactobacillus helveticus	4
Lactobacillus iners	15
Lactobacillus intestinalis	1
Lactobacillus jensenii	6
Lactobacillus johnsonii	7
Lactobacillus kalixensis	1
Lactobacillus kefiranofaciens	1
Lactobacillus nov. ERR2221311	1
Lactobacillus nov. ERR2221384	1
Lactobacillus paragasseri	2
Lactobacillus pasteurii	1
Lactobacillus rodentium	1
Lactobacillus siliginis	1
Lactobacillus taiwanensis	1
Lactobacillus ultunensis	1
Lactococcus cremoris	5
Lactococcus garvieae	11
Lactococcus lactis	6
Lactococcus raffinolactis	1
Lactonifactor longoviformis	1
Lagierella massiliensis	1
Lancefieldella parvula	1
Lancefieldella rimae	1
Lapidilactobacillus dextrinicus	1
Laribacter hongkongensis	1
Lascolabacillus massiliensis	1
Latilactobacillus curvatus	3
Latilactobacillus sakei	2
Lautropia mirabilis	1
Leclercia adecarboxylata	2
Leminorella grimontii	1
Lentilactobacillus buchneri	3
Lentilactobacillus hilgardii	2
Lentilactobacillus parabuchneri	2
Lentilactobacillus rapi	1
Leptotrichia buccalis	1
Leptotrichia hofstadii	2
Leptotrichia hongkongensis	1
Leptotrichia shahii	1
Leptotrichia wadei	3
Leuconostoc carnosum	1
Leuconostoc citreum	5
Leuconostoc gelidum	3
Leuconostoc lactis	2
Leuconostoc mesenteroides	4
Leuconostoc pseudomesenteroides	2
Levilactobacillus brevis	3
Levilactobacillus parabrevis	1
Ligilactobacillus acidipiscis	3
Ligilactobacillus agilis	2
Ligilactobacillus animalis	5
Ligilactobacillus apodemi	1
Ligilactobacillus murinus	2
Ligilactobacillus pobuzihii	1
Ligilactobacillus ruminis	6
Ligilactobacillus saerimneri	1
Ligilactobacillus salivarius	8
Limosilactobacillus antri	1
Limosilactobacillus coleohominis	1
Limosilactobacillus fermentum	5
Limosilactobacillus frumenti	1
Limosilactobacillus gastricus	1
Limosilactobacillus ingluviei	1
Limosilactobacillus mucosae	1
Limosilactobacillus oris	2
Limosilactobacillus panis	1
Limosilactobacillus pontis	2
Limosilactobacillus reuteri	14
Limosilactobacillus vaginalis	2
Liquorilactobacillus mali	1
Listeria grayi	1
Listeria innocua	2
Listeria monocytogenes	40
Loigolactobacillus coryniformis	2
Longibaculum muris	1
Longicatena caecimuris	1
Lysinibacillus fusiformis	2
Lysinibacillus sphaericus	5
Mageeibacillus indolicus	2
Mammaliicoccus vitulinus	1
Marinospirillum alkaliphilum	1
Marvinbryantia formatexigens	1
Massilibacterium senegalense	1
Massilioclostridium coli	1
Mediannikovella massiliensis	1
Mediterraneibacter massiliensis	1
Megamonas funiformis	1
Megamonas hypermegale	1
Megamonas rupellensis	1
Megasphaera elsdenii	1
Megasphaera genomosp. Type 2	1
Megasphaera massiliensis	1
Megasphaera micronuciformis	1
Megasphaera nov. ERR1022370	1
Megasphaera paucivorans	1
Meiothermus silvanus	1
Merdibacter massiliensis	1
Mesomycoplasma hyopneumoniae	5
Mesorhizobium japonicum	1
Mesorhizobium loti	1
Metamycoplasma hominis	2
Methanobrevibacter ruminantium	1
Methanobrevibacter smithii	1
Methanomassiliicoccus luminyensis	1
Methanosphaera stadtmanae	1
Methylobacterium mesophilicum	1
Methylobacterium radiotolerans	1
Methylorubrum populi	1
Methyloversatilis universalis	3
Microbacterium gubbeenense	1
Microbacterium oleivorans	1
Microbacterium paraoxydans	1
Micrococcus luteus	9
Micromonospora aurantiaca	1
Microvirga massiliensis	1
Mitsuokella jalaludinii	2
Mitsuokella multacida	1
Mobilicoccus massiliensis	1
Mobiluncus curtisii	2
Mobiluncus holmesii	2
Mobiluncus mulieris	4
Mogibacterium sp. CM50	1
Mogibacterium timidum	1
Moraxella bovoculi	2
Moraxella canis	1
Moraxella catarrhalis	12
Morganella morganii	4
Mucispirillum schaedleri	1
Murdochiella massiliensis	1
Murdochiella vaginalis	1
Muribaculum intestinale	1
Muricomes intestini	1
Murimonas intestini	1
Mycobacterium avium	8
Mycobacterium tuberculosis	2
Mycobacteroides abscessus	37
Mycolicibacterium fortuitum	1
Mycoplasma pneumoniae	7
Myroides odoratimimus	6
Natranaerovirga hydrolytica	1
Natranaerovirga pectinivora	1
Neglectibacter timonensis	1
Neisseria bacilliformis	2
Neisseria cinerea	1
Neisseria elongata	1
Neisseria flavescens	2
Neisseria lactamica	1
Neisseria macacae	1
Neisseria meningitidis	2
Neisseria mucosa	2
Neisseria shayeganii	1
Neisseria sicca	4
Neisseria subflava	1
Neobacillus jeddahensis	1
Neofamilia massiliensis	1
Nesterenkonia massiliensis	1
Nevskia ramosa	1
Niallia nealsonii	1
Nigerium massiliense	1
Nocardioides massiliensis	1
Nosocomiicoccus massiliensis	1
Noviherbaspirillum massiliense	1
Novosphingobium aromaticivorans	1
Numidum massiliense	1
Obesumbacterium proteus	2
Oceanobacillus caeni	1
Oceanobacillus jeddahense	1
Oceanobacillus massiliensis	1
Oceanobacillus sp.	1
Ochrobactrum anthropi	1
Odoribacter laneus	1
Odoribacter splanchnicus	4
Olegusella massiliensis	1
Oleidesulfovibrio alaskensis	1
Oligella urethralis	3
Olsenella profusa	1
Olsenella sp. SIT9	1
Olsenella uli	1
Oribacterium sinus	1
Oribacterium sp. oral taxon 078	1
Oscillibacter nov. ERR1022355	1
Oscillibacter nov. ERR1022407	1
Oscillibacter ruminantium	1
Oscillibacter sp. KLE 1728	1
Oscillibacter sp. KLE 1745	1
Oxalobacter formigenes	2
Paenibacillus alvei	1
Paenibacillus antibioticophila	1
Paenibacillus barengoltzii	1
Paenibacillus daejeonensis	1
Paenibacillus graminis	1
Paenibacillus ihuae	1
Paenibacillus ihumii	1
Paenibacillus lactis	1
Paenibacillus phocaensis	1
Paenibacillus rubinfantis	1
Paenibacillus senegalensis	1
Paenibacillus senegalimassiliensis	1
Paenibacillus sp. GM2	1
Paenibacillus sp. HGF5	1
Paenibacillus sp. HGF7	1
Paenibacillus sp. HGH0039	1
Paenibacillus sp. HW567	1
Paenibacillus sp. ICGEB2008	1
Paenibacillus sp. JDR-2	1
Paenibacillus tuaregi	1
Paeniclostridium sordellii	47
Paenisporosarcina sp. HGH0030	1
Paenisporosarcina sp. TG-14	1
Paludibacter jiangxiensis	1
Paludibacter propionicigenes	1
Pantoea agglomerans	7
Pantoea sp. YR343	1
Papillibacter cinnamivorans	1
Parabacteroides chinchillae	1
Parabacteroides distasonis	12
Parabacteroides goldsteinii	4
Parabacteroides gordonii	1
Parabacteroides johnsonii	2
Parabacteroides merdae	5
Parabacteroides nov. ERR1203954	1
Parabacteroides sp. 2_1_7	1
Parabacteroides sp. 20_3	1
Parabacteroides sp. ASF519	1
Parabacteroides sp. D13	1
Parabacteroides sp. D25	1
Parabacteroides sp. D26	1
Parabacteroides sp. HGS0025	1
Paraburkholderia sediminicola	1
Paraclostridium bifermentans	7
Paracoccus yeei	1
Paraeggerthella hongkongensis	1
Parapedobacter koreensis	1
Paraprevotella clara	1
Paraprevotella xylaniphila	1
Parascardovia denticolens	3
Parasporobacterium paucivorans	1
Parasutterella excrementihominis	1
Parvibacter caecicola	2
Parvimonas micra	1
Parvimonas sp. oral taxon 110	1
Pasteurella caecimuris	1
Paucilactobacillus oligofermentans	1
Paucilactobacillus suebicus	1
Paucilactobacillus vaccinostercus	1
Pediococcus acidilactici	14
Pediococcus pentosaceus	2
Pelomonas saccharophila	1
Peptacetobacter hiranonis	1
Peptoniphilus coxii	1
Peptoniphilus duerdenii	1
Peptoniphilus grossensis	1
Peptoniphilus harei	2
Peptoniphilus indolicus	1
Peptoniphilus lacrimalis	2
Peptoniphilus nov. ERR2221395	1
Peptoniphilus obesi	1
Peptoniphilus phoceensis	1
Peptoniphilus senegalensis	1
Peptoniphilus timonensis	1
Peptostreptococcus anaerobius	2
Peptostreptococcus russellii	1
Peptostreptococcus stomatis	1
Phascolarctobacterium faecium	1
Phascolarctobacterium succinatutens	1
Phocaeicola abscessus	1
Phocaeicola barnesiae	1
Phocaeicola coprocola	1
Phocaeicola coprophilus	1
Phocaeicola dorei	4
Phocaeicola massiliensis	1
Phocaeicola plebeius	1
Phocaeicola salanitronis	1
Phocaeicola sartorii	2
Phocaeicola vulgatus	4
Photobacterium angustum	1
Photobacterium damselae	3
Photobacterium leiognathi	1
Photobacterium sp. SKA34	1
Photorhabdus luminescens	3
Phytobacter massiliensis	1
Pirellula staleyi	1
Planococcus massiliensis	1
Plesiomonas shigelloides	2
Porphyromonadaceae nov. ERR2221201	1
Porphyromonadaceae nov. ERR2221202	1
Porphyromonadaceae nov. ERR2221365	1
Porphyromonadaceae nov. ERR2221374	1
Porphyromonadaceae nov. ERR2221378	1
Porphyromonas asaccharolytica	2
Porphyromonas bennonis	1
Porphyromonas endodontalis	1
Porphyromonas gingivalis	4
Porphyromonas gingivicanis	1
Porphyromonas somerae	1
Porphyromonas uenonis	2
Prevotella albensis	1
Prevotella amnii	4
Prevotella aurantiaca	1
Prevotella baroniae	2
Prevotella bergensis	1
Prevotella bivia	2
Prevotella brevis	1
Prevotella bryantii	2
Prevotella buccae	2
Prevotella buccalis	4
Prevotella conceptionensis	1
Prevotella copri	2
Prevotella corporis	2
Prevotella dentalis	1
Prevotella dentasini	1
Prevotella denticola	3
Prevotella disiens	2
Prevotella enoeca	1
Prevotella histicola	2
Prevotella intermedia	2
Prevotella loescheii	1
Prevotella maculosa	2
Prevotella melaninogenica	2
Prevotella micans	2
Prevotella multiformis	1
Prevotella multisaccharivorax	1
Prevotella nanceiensis	1
Prevotella nigrescens	2
Prevotella oralis	2
Prevotella oris	3
Prevotella oulorum	2
Prevotella pallens	1
Prevotella pleuritidis	2
Prevotella ruminicola	1
Prevotella salivae	1
Prevotella shahii	1
Prevotella sp. C561	1
Prevotella stercorea	1
Prevotella timonensis	2
Prevotella veroralis	2
Prevotellaceae bacterium Marseille-P2826	1
Priestia endophytica	1
Priestia flexa	1
Priestia megaterium	5
Propionibacterium acidifaciens	2
Propionibacterium freudenreichii	2
Propionibacterium namnetense	1
Propionibacterium sp. 409-HC1	1
Propionibacterium sp. 5_U_42AFAA	1
Propionibacterium sp. HGH0353	1
Proteiniphilum acetatigenes	1
Proteus mirabilis	8
Proteus penneri	1
Proteus vulgaris	12
Providencia alcalifaciens	4
Providencia burhodogranariea	1
Providencia rettgeri	2
Providencia rustigianii	1
Providencia sneebia	1
Providencia stuartii	3
Pseudoalteromonas arctica	2
Pseudobutyrivibrio ruminis	1
Pseudoflavonifractor capillosus	2
Pseudoglutamicibacter albus	1
Pseudoleptotrichia goodfellowii	2
Pseudomonas aeruginosa	40
Pseudomonas alcaliphila	1
Pseudomonas fluorescens	12
Pseudomonas fragi	4
Pseudomonas massiliensis	1
Pseudomonas mendocina	4
Pseudomonas monteilii	3
Pseudomonas nitroreducens	1
Pseudomonas oleovorans	1
Pseudomonas otitidis	1
Pseudomonas plecoglossicida	1
Pseudomonas protegens	1
Pseudomonas psychrophila	2
Pseudomonas putida	19
Pseudomonas sp. HPB0071	1
Pseudomonas stutzeri	15
Pseudoramibacter alactolyticus	1
Pseudoxanthomonas mexicana	1
Pyramidobacter piscolens	1
Rahnella aquatilis	3
Ralstonia insidiosa	1
Ralstonia pickettii	6
Ralstonia sp. 5_2_56FAA	1
Raoultella ornithinolytica	4
Raoultella planticola	1
Reyranella massiliensis	1
Reyranella soli	1
Rhizobium giardinii	1
Rhizobium leguminosarum	4
Rhodococcus erythropolis	4
Rhodococcus hoagii	3
Rhodococcus rhodochrous	2
Rickettsiella grylli	1
Rikenella microfusus	1
Rikenellaceae nov. ERR2221101	1
Rikenellaceae nov. ERR2221110	1
Risungbinella massiliensis	1
Robertmurraya massiliosenegalensis	1
Robinsoniella nov. ERR2221391	1
Robinsoniella peoriensis	1
Rodentibacter pneumotropicus	1
Romboutsia dakarense	1
Romboutsia nov. ERR1022375	1
Romboutsia nov. ERR1022465	1
Romboutsia nov. ERR1022466	1
Roseburia faecis	4
Roseburia hominis	2
Roseburia intestinalis	5
Roseburia inulinivorans	4
Roseburia nov. ERR1022344	1
Roseburia nov. ERR1204035	1
Roseburia nov. ERR171282	1
Roseburia nov. ERR2221407	1
Roseomonas cervicalis	1
Roseomonas mucosa	1
Rothia aeria	1
Rothia dentocariosa	2
Rothia mucilaginosa	4
Rubeoparvulum massiliense	1
Rubrobacter aplysinae	1
Rubrobacter radiotolerans	1
Rubrobacter xylanophilus	1
Rudanella lutea	1
Ruminiclostridium cellobioparum	1
Ruminiclostridium nov. ERR1022440	1
Ruminiclostridium nov. ERR1022441	1
Ruminiclostridium nov. ERR2221177	1
Ruminiclostridium papyrosolvens	2
Ruminococcaceae bacterium D16	1
Ruminococcaceae nov. ERR1022299	1
Ruminococcaceae nov. ERR1022311	1
Ruminococcaceae nov. ERR1022313	1
Ruminococcaceae nov. ERR1022317	1
Ruminococcaceae nov. ERR1022336	1
Ruminococcaceae nov. ERR1022409	1
Ruminococcaceae nov. ERR1022442	1
Ruminococcaceae nov. ERR1022443	1
Ruminococcaceae nov. ERR1022445	1
Ruminococcaceae nov. ERR1022448	1
Ruminococcaceae nov. ERR1022449	1
Ruminococcaceae nov. ERR1022451	1
Ruminococcaceae nov. ERR1022452	1
Ruminococcaceae nov. ERR1022483	1
Ruminococcaceae nov. ERR1203965	1
Ruminococcaceae nov. ERR1204059	1
Ruminococcaceae nov. ERR2221149	1
Ruminococcaceae nov. ERR2221180	1
Ruminococcaceae nov. ERR2221184	1
Ruminococcaceae nov. ERR2221393	1
Ruminococcaceae nov. ERR2221397	1
Ruminococcaceae nov. ERR2230059	1
Ruminococcaceae nov. ERR2230068	1
Ruminococcus albus	2
Ruminococcus bicirculans	6
Ruminococcus bromii	4
Ruminococcus callidus	1
Ruminococcus champanellensis	1
Ruminococcus faecis	1
Ruminococcus flavefaciens	2
Ruminococcus gauvreauii	1
Ruminococcus nov. ERR2230055	1
Ruminococcus sp. 5_1_39BFAA	1
Ruminococcus sp. SR1/5	1
Ruthenibacterium lactatiformans	2
Saccharolobus solfataricus	1
Salinibacterium amurskyense	1
Salmonella bongori	5
Salmonella enterica	323
Sarcina nov. ERR1022285	1
Sarcina nov. ERR1022316	1
Sarcina nov. ERR1022347	1
Sarcina nov. ERR1022371	1
Sarcina nov. ERR1022372	1
Sarcina nov. ERR1022421	1
Sarcina nov. ERR1022468	1
Sarcina nov. ERR1203922	1
Sarcina nov. ERR1203929	1
Sarcina nov. ERR1203932	1
Sarcina nov. ERR1204023	1
Sarcina nov. ERR1204026	1
Sarcina nov. ERR171255	1
Sarcina nov. ERR171264	1
Sarcina nov. ERR171266	1
Sarcina nov. ERR171270	1
Sarcina nov. ERR2221152	1
Sarcina nov. ERR2221229	1
Sarcina nov. ERR2221238	1
Sarcina nov. ERR2221241	1
Sarcina nov. ERR2221248	1
Sarcina nov. ERR2221284	1
Sarcina nov. ERR2221290	1
Sarcina nov. ERR2221381	1
Sarcina nov. ERR2230135	1
Sarcina nov. ERR2230149	1
Scardovia inopinata	1
Scardovia wiggsiae	1
Schaalia cardiffensis	1
Schaalia georgiae	1
Schaalia hyovaginalis	1
Schaalia meyeri	1
Schaalia odontolytica	2
Schaalia turicensis	1
Schlesneria paludicola	1
Schwartzia succinivorans	1
Sediminibacterium salmoneum	1
Selenomonas bovis	2
Selenomonas flueggei	1
Selenomonas infelix	1
Selenomonas noxia	2
Selenomonas ruminantium	3
Selenomonas sp. F0473	1
Selenomonas sputigena	1
Sellimonas intestinalis	1
Senegalimassilia anaerobia	1
Serratia fonticola	1
Serratia liquefaciens	2
Serratia marcescens	4
Serratia odorifera	1
Serratia rubidaea	2
Serratia sp. FGI94	1
Shewanella halifaxensis	1
Shewanella woodyi	1
Shigella dysenteriae	5
Shigella flexneri	21
Shigella sonnei	8
Shuttleworthia satelles	1
Silanimonas lenta	1
Siminovitchia fordii	1
Sinobacterium caligoides	1
Slackia equolifaciens	1
Slackia exigua	1
Slackia faecicanis	1
Slackia piriformis	1
Sneathia amnii	1
Sneathia sanguinegens	1
Solobacterium moorei	2
Sphingobacterium paucimobilis	1
Sphingobium amiense	1
Sphingosinicella microcystinivorans	2
Spiroplasma culicicola	1
Spirosoma linguale	1
Sporobacter termitidis	1
Staphylococcus argenteus	1
Staphylococcus arlettae	1
Staphylococcus aureus	423
Staphylococcus capitis	5
Staphylococcus cohnii	2
Staphylococcus epidermidis	67
Staphylococcus equorum	1
Staphylococcus haemolyticus	2
Staphylococcus hominis	4
Staphylococcus intermedius	1
Staphylococcus lentus	1
Staphylococcus lugdunensis	5
Staphylococcus nepalensis	1
Staphylococcus pasteuri	2
Staphylococcus pettenkoferi	1
Staphylococcus pseudintermedius	2
Staphylococcus saprophyticus	2
Staphylococcus sciuri	2
Staphylococcus simulans	1
Staphylococcus sp. HGB0015	1
Staphylococcus succinus	3
Staphylococcus warneri	3
Staphylococcus xylosus	4
Stenotrophomonas maltophilia	9
Stenotrophomonas rhizophila	1
Stomatobaculum longum	1
Streptococcus agalactiae	220
Streptococcus anginosus	6
Streptococcus australis	2
Streptococcus constellatus	2
Streptococcus cristatus	2
Streptococcus danieliae	1
Streptococcus downei	2
Streptococcus dysgalactiae	6
Streptococcus equi	4
Streptococcus equinus	2
Streptococcus gallolyticus	4
Streptococcus gordonii	1
Streptococcus infantarius	2
Streptococcus infantis	5
Streptococcus intermedius	5
Streptococcus lutetiensis	2
Streptococcus macedonicus	2
Streptococcus massiliensis	1
Streptococcus mitis	15
Streptococcus mutans	104
Streptococcus nov. ERR2221358	1
Streptococcus oralis	14
Streptococcus parasanguinis	7
Streptococcus parauberis	5
Streptococcus pasteurianus	2
Streptococcus peroris	1
Streptococcus pneumoniae	214
Streptococcus pseudopneumoniae	1
Streptococcus pyogenes	10
Streptococcus salivarius	8
Streptococcus sanguinis	21
Streptococcus sobrinus	6
Streptococcus sp. 2_1_36FAA	1
Streptococcus sp. BS35b	1
Streptococcus sp. GMD5S	1
Streptococcus sp. HPH0090	1
Streptococcus sp. I-G2	1
Streptococcus sp. I-P16	1
Streptococcus sp. SK140	1
Streptococcus thermophilus	6
Streptococcus thoraltensis	1
Streptococcus timonensis	1
Streptococcus uberis	1
Streptococcus vestibularis	2
Streptomyces sp. HPH0547	1
Subdoligranulum sp. 4_3_54A2FAA	1
Subdoligranulum variabile	1
Succinatimonas hippei	1
Succiniclasticum ruminis	2
Succinivibrio dextrinosolvens	1
Sutterella parvirubra	1
Sutterella wadsworthensis	5
Synergistes jonesii	1
Synergistes sp. 3_1_syn1	1
Syntrophus aciditrophicus	1
Syntrophus gentianae	1
Tannerella forsythia	1
Tannerella sp. 6_1_58FAA_CT1	1
Tatumella ptyseos	1
Terrisporobacter glycolicus	2
Terrisporobacter mayombei	1
Terrisporobacter nov. ERR2221319	1
Tessaracoccus massiliensis	1
Tetragenococcus koreensis	2
Thalassobacillus massiliensis	1
Thermoanaerobacter pseudethanolicus	1
Thermoclostridium stercorarium	3
Thermus scotoductus	4
Timonella senegalensis	1
Trabulsiella guamensis	1
Treponema denticola	6
Treponema medium	1
Treponema socranskii	2
Treponema succinifaciens	1
Treponema vincentii	2
Tropheryma whipplei	2
Trueperella pyogenes	1
Turicibacter sanguinis	7
Turicibacter sp. H121	1
Turicibacter sp. HGF1	1
Turicimonas muris	1
Tyzzerella nexilis	1
Tyzzerella nov. ERR171258	1
uncultured Anaerotruncus sp. ERR1022410	1
uncultured Blautia sp. ERR1022314	1
uncultured Blautia sp. ERR1022472	1
uncultured Clostridium sp. ERR1022385	1
uncultured Clostridium sp. ERR1022438	1
uncultured Clostridium sp. ERR1022467	1
uncultured Ruminococcus sp. ERR1022393	1
uncultured Ruminococcus sp. ERR1022403	1
Ureaplasma parvum	5
Ureaplasma urealyticum	14
Ureibacillus thermosphaericus	1
Vagococcus fluvialis	2
Vallitalea guaymasensis	1
Vallitalea sp. S15	1
Varibaculum cambriense	2
Variovorax paradoxus	5
Veillonella atypica	3
Veillonella denticariosi	1
Veillonella dispar	1
Veillonella magna	1
Veillonella montpellierensis	2
Veillonella parvula	3
Veillonella seminalis	1
Veillonella sp. 3_1_44	1
Veillonella sp. 6_1_27	1
Veillonella sp. ACP1	1
Veillonella sp. HPA0037	1
Veillonella sp. oral taxon 158	1
Veillonella sp. oral taxon 780	1
Veillonellaceae nov. ERR2221308	1
Vibrio campbellii	2
Vibrio cholerae	2
Vibrio fluvialis	3
Vibrio furnissii	2
Vibrio harveyi	1
Vibrio mediterranei	1
Vibrio mimicus	6
Vibrio parahaemolyticus	9
Vibrio rotiferianus	1
Vibrio sinaloensis	2
Victivallis vadensis	2
Virgibacillus massiliensis	2
Virgibacillus senegalensis	1
Vitreoscilla massiliensis	1
Weissella ceti	1
Weissella cibaria	1
Weissella confusa	1
Weissella koreensis	2
Weissella paramesenteroides	1
Weissella viridescens	1
Xanthomonas massiliensis	1
Yersinia bercovieri	1
Yersinia enterocolitica	16
Yersinia frederiksenii	1
Yersinia kristensenii	2
Yersinia pseudotuberculosis	7
Yersinia rohdei	1
Yokenella regensburgei	1
Yoonia vestfoldensis	1